{
  "val_perplexity_mean": 3.5512,
  "val_perplexity_std": 1.0414,
  "global_threshold": 4.5926,
  "recall_threshold": 3.5341,
  "n_sigma": 1.0,
  "test_windows": 420,
  "anomalous_windows": 344,
  "global": {
    "tp": 325,
    "fp": 75,
    "fn": 19,
    "tn": 1,
    "precision": 0.8125,
    "recall": 0.9448,
    "f1": 0.8737
  },
  "recall_optimised": {
    "tp": 335,
    "fp": 76,
    "fn": 9,
    "tn": 0,
    "precision": 0.8151,
    "recall": 0.9738,
    "f1": 0.8874
  },
  "test_perplexities": [
    15.306586265563965,
    6.639070987701416,
    7.942005157470703,
    7.4411749839782715,
    10.738819122314453,
    8.25586986541748,
    10.187609672546387,
    8.651188850402832,
    12.544434547424316,
    6.84674596786499,
    7.910806179046631,
    12.352152824401855,
    427.5403747558594,
    7.202836036682129,
    204.29672241210938,
    71.73797607421875,
    9.856574058532715,
    12.49747085571289,
    5.802300453186035,
    10.332763671875,
    13.99087142944336,
    6.134702682495117,
    7.942650318145752,
    9.526137351989746,
    10.21654987335205,
    10.529570579528809,
    7.425273418426514,
    7.74672794342041,
    5.982263565063477,
    9.706811904907227,
    9.632712364196777,
    6.983036518096924,
    7.253451824188232,
    10.069314002990723,
    6.814585208892822,
    20.555038452148438,
    304.0333251953125,
    5.623382091522217,
    16.919025421142578,
    8.998526573181152,
    13.809462547302246,
    7.585904598236084,
    6.581361293792725,
    10.365224838256836,
    11.587681770324707,
    10.216878890991211,
    14.046354293823242,
    6.834636211395264,
    9.569339752197266,
    7.681006908416748,
    13.203113555908203,
    6.07228946685791,
    4.932831287384033,
    11.060613632202148,
    82.67876434326172,
    99.3447494506836,
    9.002165794372559,
    11.760329246520996,
    6.98565673828125,
    5.72599983215332,
    9.581610679626465,
    16.377485275268555,
    9.581649780273438,
    3.834660530090332,
    14.45754337310791,
    7.11478853225708,
    10.069664001464844,
    10.8939847946167,
    12.705292701721191,
    14.361815452575684,
    230.97674560546875,
    10.573912620544434,
    9.613651275634766,
    10.20374584197998,
    13.893221855163574,
    15.025227546691895,
    270.0610656738281,
    72.54598999023438,
    7.775757312774658,
    8.892173767089844,
    381.93011474609375,
    176.1687774658203,
    324.4513244628906,
    58.677101135253906,
    242.17930603027344,
    244.5545196533203,
    289.9414978027344,
    153.75558471679688,
    8.65847110748291,
    5.75979471206665,
    93.94234466552734,
    290.8193359375,
    8.167436599731445,
    7.388110160827637,
    3.436577796936035,
    163.3061065673828,
    44.9639778137207,
    109.25525665283203,
    613.3234252929688,
    357.54425048828125,
    64.25643157958984,
    215.98179626464844,
    497.492919921875,
    28.897994995117188,
    8.081690788269043,
    13.095972061157227,
    12.763580322265625,
    9.771183013916016,
    6.6274590492248535,
    7.922038555145264,
    6.9608473777771,
    7.855419635772705,
    95.33467102050781,
    113.72538757324219,
    4.893500804901123,
    5.090312480926514,
    2.7351555824279785,
    7.313602924346924,
    6.363187789916992,
    8.582613945007324,
    6.082995891571045,
    5.6277971267700195,
    19.845561981201172,
    184.78103637695312,
    8.719291687011719,
    13.95428466796875,
    8.1063871383667,
    7.037650108337402,
    5.566225528717041,
    8.283994674682617,
    7.487381458282471,
    5.477489471435547,
    5.358807563781738,
    4.1039228439331055,
    6.556393146514893,
    5.035145282745361,
    8.993949890136719,
    10.999837875366211,
    10.812929153442383,
    12.680953025817871,
    12.851014137268066,
    8.714305877685547,
    8.747652053833008,
    9.300582885742188,
    46.02583694458008,
    731.0723876953125,
    26.655054092407227,
    8.45795726776123,
    15.770540237426758,
    5.803335189819336,
    16.225067138671875,
    9.888429641723633,
    12.396380424499512,
    9.547462463378906,
    8.422687530517578,
    18.000431060791016,
    9.614151000976562,
    101.77175903320312,
    66.52015686035156,
    8.638832092285156,
    9.797417640686035,
    7.8000946044921875,
    6.315489292144775,
    4.382928848266602,
    7.550073623657227,
    295.8102722167969,
    91.5548095703125,
    4.848720073699951,
    10.801092147827148,
    8.894598007202148,
    6.721639633178711,
    4.933437347412109,
    11.981623649597168,
    10.0671968460083,
    4.183115482330322,
    114.73387145996094,
    187.89938354492188,
    10.694753646850586,
    5.258978843688965,
    18.35737419128418,
    371.14404296875,
    17.177675247192383,
    8.28296184539795,
    387.1310119628906,
    700.5595703125,
    88.92908477783203,
    3.962623357772827,
    11.083024978637695,
    3.172823667526245,
    7.1997971534729,
    9.645807266235352,
    8.321737289428711,
    9.814172744750977,
    15.212060928344727,
    10.308857917785645,
    6.17257022857666,
    346.88531494140625,
    8.89993953704834,
    12.99819278717041,
    5.577539920806885,
    9.957161903381348,
    7.976528167724609,
    10.868760108947754,
    3.8863277435302734,
    9.14130687713623,
    14.347533226013184,
    9.258736610412598,
    10.353174209594727,
    11.180574417114258,
    9.732141494750977,
    9.738629341125488,
    9.829511642456055,
    30.736183166503906,
    494.3509521484375,
    12.4590482711792,
    3.135932445526123,
    6.923912048339844,
    11.91806411743164,
    8.938100814819336,
    4.494378089904785,
    8.95989990234375,
    7.607891082763672,
    7.41939640045166,
    8.847779273986816,
    6.990566730499268,
    10.856647491455078,
    5.8069281578063965,
    7.2829484939575195,
    8.864947319030762,
    7.0807366371154785,
    9.703989028930664,
    415.7292175292969,
    13.348773002624512,
    7.700054168701172,
    8.531453132629395,
    7.0788397789001465,
    9.84843635559082,
    12.585355758666992,
    11.910417556762695,
    7.78391695022583,
    13.624687194824219,
    8.12401294708252,
    19.568340301513672,
    7.044347763061523,
    8.937003135681152,
    8.42287826538086,
    7.737303256988525,
    7.705580234527588,
    11.452353477478027,
    9.042815208435059,
    10.456781387329102,
    10.141460418701172,
    12.848207473754883,
    11.077173233032227,
    3.268765687942505,
    7.333391189575195,
    2.899000644683838,
    8.470295906066895,
    3.0983924865722656,
    12.123342514038086,
    7.566670894622803,
    179.9470672607422,
    74.44420623779297,
    6.4167609214782715,
    7.994009494781494,
    14.506921768188477,
    9.56621265411377,
    63.606014251708984,
    68.00658416748047,
    370.00079345703125,
    38.66898727416992,
    7.9153547286987305,
    11.629806518554688,
    5.482962131500244,
    8.780597686767578,
    388.14300537109375,
    13.724281311035156,
    114.79532623291016,
    98.47171783447266,
    8.468517303466797,
    14.58845329284668,
    6.016209602355957,
    7.467621326446533,
    8.53085994720459,
    31.969711303710938,
    411.6551513671875,
    10.300429344177246,
    7.446423530578613,
    11.8873929977417,
    12.054302215576172,
    13.65604019165039,
    5.970703601837158,
    16.91231918334961,
    4.832191467285156,
    8.405794143676758,
    5.152133464813232,
    7.326234340667725,
    4.858391761779785,
    10.534529685974121,
    22.091690063476562,
    335.23162841796875,
    160.69947814941406,
    23.126983642578125,
    8.363513946533203,
    7.161197662353516,
    14.309006690979004,
    9.101882934570312,
    9.211324691772461,
    8.629548072814941,
    14.230032920837402,
    8.331657409667969,
    373.7087097167969,
    10.522628784179688,
    29.011241912841797,
    93.07408142089844,
    105.44886016845703,
    258.4534606933594,
    15.043516159057617,
    6.427135467529297,
    11.194941520690918,
    21.43789291381836,
    8.605212211608887,
