{
  "val_perplexity_mean": 3.1474,
  "val_perplexity_std": 1.0279,
  "threshold": 5.2031,
  "n_sigma": 2.0,
  "test_windows": 384,
  "anomalous_windows": 338,
  "tp": 159,
  "fp": 46,
  "fn": 179,
  "tn": 0,
  "precision": 0.7756,
  "recall": 0.4704,
  "f1": 0.5856,
  "test_perplexities": [
    4.022717475891113,
    2.6125328540802,
    2.7068958282470703,
    2.216221809387207,
    2.3043019771575928,
    2.5971992015838623,
    5.898498058319092,
    79.19913482666016,
    541.7210083007812,
    9.210471153259277,
    32.391357421875,
    26.34164810180664,
    2.5998833179473877,
    2.9968042373657227,
    3.0047552585601807,
    3.0108065605163574,
    4.12775993347168,
    10987.7666015625,
    1314.148193359375,
    14.042262077331543,
    13.652297019958496,
    21.991369247436523,
    50.04335403442383,
    3.2202556133270264,
    2.2448036670684814,
    2.398557424545288,
    2.1685757637023926,
    3.7484498023986816,
    12.542675018310547,
    14.55976676940918,
    23.7346248626709,
    8.347084045410156,
    23.510297775268555,
    2.2801673412323,
    2.4263813495635986,
    2.439506769180298,
    2.2492027282714844,
    10.086063385009766,
    2509.0205078125,
    39.1140022277832,
    16.660608291625977,
    9.050580024719238,
    5007.30419921875,
    11.4754056930542,
    3.1158971786499023,
    2.44718337059021,
    2.3296053409576416,
    2.3288633823394775,
    6.227529525756836,
    9.228164672851562,
    75.09207916259766,
    11.749245643615723,
    16.12613296508789,
    39.7560920715332,
    21226.830078125,
    3694.17626953125,
    374.90869140625,
    846.5667724609375,
    329.6983642578125,
    6.784383296966553,
    16.923099517822266,
    44.91707992553711,
    15.97305679321289,
    2.9102649688720703,
    2.7402031421661377,
    2.72817063331604,
    2.862736463546753,
    3.902315616607666,
    13.470922470092773,
    8.57031536102295,
    2.282470703125,
    2.2959678173065186,
    2.2847959995269775,
    2.3588545322418213,
    7.450246810913086,
    2.3976969718933105,
    2.3179945945739746,
    2.366807222366333,
    4.692074775695801,
    7.925525665283203,
    2.5623409748077393,
    2.375688076019287,
    2.313314914703369,
    2.390153646469116,
    2.3982861042022705,
    21.20623016357422,
    15.826177597045898,
    4.764614105224609,
    2.263413429260254,
    2.0707132816314697,
    2.393860340118408,
    8.416393280029297,
    10.6520357131958,
    9.479697227478027,
    11.091710090637207,
    9311.6171875,
    123.47481536865234,
    41.02640914916992,
    5530.40478515625,
    253.4561004638672,
    10.07884693145752,
    1450.592529296875,
    113.69296264648438,
    11.664856910705566,
    14.79265308380127,
    2.6678459644317627,
    2.7759041786193848,
    2.5995545387268066,
    2.410494804382324,
    5.319459438323975,
    1260.6363525390625,
    7.624496936798096,
    11.301603317260742,
    27.814525604248047,
    2.175694704055786,
    2.305536985397339,
    2.365360736846924,
    2.2841014862060547,
    3.0059502124786377,
    4622.87109375,
    11.80084228515625,
    10.833147048950195,
    23.360475540161133,
    13.940347671508789,
    5134.94384765625,
    1249.2481689453125,
    22.31769371032715,
    213.30210876464844,
    2285.90576171875,
    89.11861419677734,
    27.0231990814209,
    2411.982177734375,
    458.949462890625,
    1213.3963623046875,
    504.2951354980469,
    11.564884185791016,
    2.540942668914795,
    2.7183029651641846,
    2.564351797103882,
    10.981632232666016,
    12.223146438598633,
    16.817020416259766,
    33.74354934692383,
    20.746339797973633,
    9.341510772705078,
    43.283912658691406,
    9.719520568847656,
    13.271143913269043,
    30.693174362182617,
    8.66176986694336,
    170.46910095214844,
    2933.210693359375,
    32.170780181884766,
    44.90068817138672,
    13.079253196716309,
    26.065732955932617,
    15.739457130432129,
    2.416520118713379,
    2.2105672359466553,
    2.213226318359375,
    2.2426035404205322,
    2.9673914909362793,
    12.575268745422363,
    1063.1832275390625,
    651.2128295898438,
    2.3331243991851807,
    2.4559149742126465,
    2.1805052757263184,
    2.0113866329193115,
    2.2150235176086426,
    2.155672550201416,
    2.1530964374542236,
    2.205471992492676,
    2.740455389022827,
    2.1785144805908203,
    2.3017687797546387,
    4.407153606414795,
    17.853702545166016,
    16.258384704589844,
    7.272960662841797,
    8.283552169799805,
    2.2440080642700195,
    2.2311313152313232,
    2.1595242023468018,
    2.4172275066375732,
    3144.033447265625,
    142.50448608398438,
    2.1870930194854736,
    2.1619369983673096,
    2.2693188190460205,
    2.3909287452697754,
    2.1359784603118896,
    14.687530517578125,
    2.2340853214263916,
    2.199476957321167,
    2.4617340564727783,
    2.2637767791748047,
    2.3197104930877686,
    4.18353271484375,
    16.89022445678711,
    2.285712957382202,
    2.0324554443359375,
    2.1136534214019775,
    2.089761972427368,
    9.77166748046875,
    17.955562591552734,
    7.6200995445251465,
    2.302072525024414,
    2.1687963008880615,
    2.126459836959839,
    2.307863235473633,
    2.853456497192383,
    26.606483459472656,
    2.630445718765259,
    2.461021900177002,
    2.6299304962158203,
    2.265491008758545,
    2.514517068862915,
    4.259928226470947,
    16.912548065185547,
    8.518372535705566,
    16.590124130249023,
    11.680787086486816,
    35.4077262878418,
    7.660577297210693,
    24.79466438293457,
    56.02320098876953,
    3701.9736328125,
    7211.45947265625,
    231.74037170410156,
    3776.093994140625,
    812.93310546875,
    7141.07861328125,
    46.46799087524414,
    9.97681713104248,
    18.449176788330078,
    15.87920093536377,
    3.241382122039795,
    2.6659200191497803,
    3.111807107925415,
    3.0261313915252686,
    3.093876361846924,
    7.312224864959717,
    842.82763671875,
    6613.7080078125,
    15.121171951293945,
    17.9265079498291,
    18.173137664794922,
    21.949081420898438,
    2.1701812744140625,
    2.3779361248016357,
    2.177884817123413,
    2.2787179946899414,
    2.3177478313446045,
    3.82201886177063,
    752.1941528320312,
    2552.585205078125,
    11.642709732055664,
    15.462881088256836,
    6.439747333526611,
    32.609375,
    13.407547950744629,
    13.352006912231445,
    9.980071067810059,
    2.1592860221862793,
    2.2797539234161377,
    2.110800266265869,
    2.239494562149048,
    2.3146700859069824,
    4.418152332305908,
    14.54480266571045,
    15.761136054992676,
    12.00635051727295,
    23.140287399291992,
    2.7219488620758057,
    2.523519277572632,
    2.2930397987365723,
    2.3830313682556152,
    15.620859146118164,
    14.114834785461426,
    2.6140923500061035,
    2.4445459842681885,
    2.423283338546753,
    2.2030551433563232,
    2.301076889038086,
    10.286407470703125,
    2.270843982696533,
    2.333646535873413,
    2.363334894180298,
    2.3270370960235596,
    2.4853219985961914,
    4.945478439331055,
    14.516623497009277,
    2.272106409072876,
    2.168856620788574,
    2.37028169631958,
    2.306999444961548,
    2.3988113403320312,
    4.667638301849365,
    24.20366096496582,
    24.313343048095703,
    9.765567779541016,
    20.85271453857422,
    26.028684616088867,
    782.91748046875,
    682.5029907226562,
    21.03102684020996,
    574.932861328125,
    222.51065063476562,
    28.43671417236328,
    10.955076217651367,
    34.64418029785156,
    3.67029070854187,
    3.263230085372925,
    3.534651041030884,
    10.761407852172852,
    17.228721618652344,
    3.256777048110962,
    2.436842918395996,
    2.325977087020874,
    2.5370070934295654,
    372.21893310546875,
    2460.785888671875,
    15.243907928466797,
    9.607721328735352,
    15.854731559753418,
    2.3512628078460693,
    2.492454767227173,
    2.2527987957000732,
    2.312488555908203,
    2.5393433570861816,
